time_iso8601,stars_cumulative
2023-04-24 00:00:00+00:00,1
2023-05-06 00:00:00+00:00,2
2023-05-08 00:00:00+00:00,3
2023-05-10 00:00:00+00:00,5
2023-06-04 00:00:00+00:00,6
2023-06-12 00:00:00+00:00,7
2023-07-17 00:00:00+00:00,9
2023-07-21 00:00:00+00:00,30
2023-07-22 00:00:00+00:00,31
2023-07-23 00:00:00+00:00,32
2023-07-24 00:00:00+00:00,34
2023-07-26 00:00:00+00:00,39
2023-07-27 00:00:00+00:00,46
2023-07-28 00:00:00+00:00,47
2023-07-29 00:00:00+00:00,48
2023-07-30 00:00:00+00:00,49
2023-07-31 00:00:00+00:00,50
2023-08-01 00:00:00+00:00,51
2023-08-03 00:00:00+00:00,52
2023-08-06 00:00:00+00:00,54
2023-08-07 00:00:00+00:00,55
2023-08-12 00:00:00+00:00,56
2023-08-28 00:00:00+00:00,58
2023-08-29 00:00:00+00:00,59
2023-09-11 00:00:00+00:00,60
2023-09-12 00:00:00+00:00,61
2023-09-13 00:00:00+00:00,62
2023-09-14 00:00:00+00:00,64
2023-09-16 00:00:00+00:00,66
2023-09-18 00:00:00+00:00,67
2023-09-20 00:00:00+00:00,68
2023-09-22 00:00:00+00:00,70
2023-09-24 00:00:00+00:00,71
2023-09-25 00:00:00+00:00,72
2023-09-26 00:00:00+00:00,73
2023-09-28 00:00:00+00:00,75
2023-10-07 00:00:00+00:00,76
2023-10-09 00:00:00+00:00,77
2023-10-10 00:00:00+00:00,78
2023-10-12 00:00:00+00:00,80
2023-10-14 00:00:00+00:00,81
2023-10-18 00:00:00+00:00,82
2023-10-22 00:00:00+00:00,83
2023-10-25 00:00:00+00:00,84
2023-10-28 00:00:00+00:00,85
2023-10-30 00:00:00+00:00,86
2023-11-06 00:00:00+00:00,88
2023-11-08 00:00:00+00:00,89
2023-11-13 00:00:00+00:00,90
2023-11-16 00:00:00+00:00,92
2023-11-17 00:00:00+00:00,93
2023-11-18 00:00:00+00:00,94
2023-11-22 00:00:00+00:00,96
2023-11-23 00:00:00+00:00,97
2023-11-26 00:00:00+00:00,98
2023-12-04 00:00:00+00:00,99
2023-12-05 00:00:00+00:00,101
2023-12-09 00:00:00+00:00,102
2023-12-11 00:00:00+00:00,103
2023-12-12 00:00:00+00:00,106
2023-12-18 00:00:00+00:00,107
2023-12-21 00:00:00+00:00,108
2024-01-04 00:00:00+00:00,109
2024-01-05 00:00:00+00:00,110
2024-01-30 00:00:00+00:00,112
2024-02-12 00:00:00+00:00,113
2024-02-19 00:00:00+00:00,114
2024-02-21 00:00:00+00:00,116
2024-02-23 00:00:00+00:00,117
2024-03-03 00:00:00+00:00,118
2024-03-04 00:00:00+00:00,119
2024-03-07 00:00:00+00:00,120
2024-03-09 00:00:00+00:00,122
2024-03-11 00:00:00+00:00,123
2024-03-18 00:00:00+00:00,124
2024-03-21 00:00:00+00:00,125
2024-03-24 00:00:00+00:00,127
2024-03-25 00:00:00+00:00,128
2024-03-26 00:00:00+00:00,129
2024-03-27 00:00:00+00:00,130
2024-03-30 00:00:00+00:00,131
2024-03-31 00:00:00+00:00,132
2024-04-01 00:00:00+00:00,133
2024-04-06 00:00:00+00:00,134
2024-04-09 00:00:00+00:00,135
2024-04-11 00:00:00+00:00,137
2024-04-12 00:00:00+00:00,138
2024-04-13 00:00:00+00:00,140
2024-04-18 00:00:00+00:00,141
2024-04-24 00:00:00+00:00,144
2024-04-29 00:00:00+00:00,145
2024-05-01 00:00:00+00:00,146
2024-05-08 00:00:00+00:00,147
2024-05-17 00:00:00+00:00,148
2024-05-27 00:00:00+00:00,150
2024-06-04 00:00:00+00:00,151
2024-06-07 00:00:00+00:00,152
2024-06-08 00:00:00+00:00,153
2024-06-09 00:00:00+00:00,154
2024-06-12 00:00:00+00:00,155
2024-06-20 00:00:00+00:00,156
2024-06-22 00:00:00+00:00,157
2024-06-25 00:00:00+00:00,158
2024-07-10 00:00:00+00:00,159
2024-07-11 00:00:00+00:00,160
2024-07-13 00:00:00+00:00,161
2024-07-23 00:00:00+00:00,162
2024-07-24 00:00:00+00:00,163
2024-07-26 00:00:00+00:00,165
2024-07-28 00:00:00+00:00,166
2024-07-30 00:00:00+00:00,167
2024-07-31 00:00:00+00:00,168
2024-08-08 00:00:00+00:00,169
2024-08-09 00:00:00+00:00,170
2024-08-21 00:00:00+00:00,172
2024-08-22 00:00:00+00:00,173
2024-08-26 00:00:00+00:00,174
2024-08-30 00:00:00+00:00,175
2024-08-31 00:00:00+00:00,176
2024-09-08 00:00:00+00:00,177
2024-09-10 00:00:00+00:00,178
2024-09-20 00:00:00+00:00,179
2024-09-21 00:00:00+00:00,180
2024-09-29 00:00:00+00:00,181
2024-09-30 00:00:00+00:00,182
2024-10-17 00:00:00+00:00,183
2024-10-18 00:00:00+00:00,184
2024-10-19 00:00:00+00:00,185
2024-10-20 00:00:00+00:00,186
2024-10-24 00:00:00+00:00,189
2024-10-29 00:00:00+00:00,190
2024-10-30 00:00:00+00:00,191
2024-11-08 00:00:00+00:00,192
2024-11-13 00:00:00+00:00,194
2024-11-15 00:00:00+00:00,195
2024-11-21 00:00:00+00:00,196
2024-11-29 00:00:00+00:00,197
2024-12-03 00:00:00+00:00,199
2024-12-09 00:00:00+00:00,200
2024-12-12 00:00:00+00:00,201
2024-12-15 00:00:00+00:00,202
2024-12-23 00:00:00+00:00,203
2024-12-26 00:00:00+00:00,204
2024-12-29 00:00:00+00:00,205
2024-12-31 00:00:00+00:00,206
2025-01-02 00:00:00+00:00,207
2025-01-04 00:00:00+00:00,208
2025-01-05 00:00:00+00:00,209
2025-01-12 00:00:00+00:00,210
2025-01-13 00:00:00+00:00,211
2025-01-15 00:00:00+00:00,212
2025-01-18 00:00:00+00:00,213
2025-01-21 00:00:00+00:00,216
2025-02-03 00:00:00+00:00,217
2025-02-05 00:00:00+00:00,218
2025-02-14 00:00:00+00:00,219
2025-02-17 00:00:00+00:00,220
2025-02-19 00:00:00+00:00,221
2025-02-20 00:00:00+00:00,222
2025-02-27 00:00:00+00:00,224
2025-03-08 00:00:00+00:00,225
2025-03-11 00:00:00+00:00,226
2025-03-12 00:00:00+00:00,227
2025-03-13 00:00:00+00:00,228
2025-03-21 00:00:00+00:00,230
2025-03-23 00:00:00+00:00,231
2025-03-27 00:00:00+00:00,232
2025-03-30 00:00:00+00:00,234
2025-04-03 00:00:00+00:00,236
2025-04-06 00:00:00+00:00,237
2025-04-07 00:00:00+00:00,238
2025-04-10 00:00:00+00:00,239
2025-04-11 00:00:00+00:00,240
2025-04-12 00:00:00+00:00,242
2025-04-18 00:00:00+00:00,243
2025-04-24 00:00:00+00:00,244
2025-04-30 00:00:00+00:00,245
2025-05-06 00:00:00+00:00,246
2025-05-07 00:00:00+00:00,247
2025-05-09 00:00:00+00:00,248
2025-05-11 00:00:00+00:00,249
2025-05-15 00:00:00+00:00,250
2025-05-29 00:00:00+00:00,251
2025-06-01 00:00:00+00:00,252
2025-06-03 00:00:00+00:00,253
2025-06-07 00:00:00+00:00,254
2025-06-08 00:00:00+00:00,255
2025-06-10 00:00:00+00:00,256
2025-06-26 00:00:00+00:00,257
2025-06-30 00:00:00+00:00,258
2025-07-14 00:00:00+00:00,259
2025-07-19 00:00:00+00:00,260
2025-07-22 00:00:00+00:00,261
2025-07-28 00:00:00+00:00,262
2025-07-31 00:00:00+00:00,263
2025-08-02 00:00:00+00:00,264
2025-08-10 00:00:00+00:00,265
2025-08-12 00:00:00+00:00,266
2025-09-08 00:00:00+00:00,267
2025-10-10 00:00:00+00:00,268
2025-10-21 00:00:00+00:00,269
2025-10-22 00:00:00+00:00,270
2025-10-30 00:00:00+00:00,271
2025-11-14 00:00:00+00:00,272
2025-11-17 00:00:00+00:00,273
2025-11-26 00:00:00+00:00,275
2025-12-02 00:00:00+00:00,276
2025-12-03 00:00:00+00:00,277
2025-12-14 00:00:00+00:00,278
2025-12-16 00:00:00+00:00,279
2025-12-22 00:00:00+00:00,280
2025-12-23 00:00:00+00:00,281
2025-12-25 00:00:00+00:00,283
2026-01-08 00:00:00+00:00,284
2026-01-12 00:00:00+00:00,285
2026-01-17 00:00:00+00:00,286
2026-01-21 00:00:00+00:00,287
2026-01-25 00:00:00+00:00,288
2026-01-29 00:00:00+00:00,289
2026-01-30 00:00:00+00:00,290
2026-02-26 00:00:00+00:00,291
2026-02-28 00:00:00+00:00,292
2026-03-02 00:00:00+00:00,293
2026-03-09 00:00:00+00:00,294
2026-03-21 00:00:00+00:00,295
2026-03-23 00:00:00+00:00,297
2026-03-24 00:00:00+00:00,298
2026-04-17 00:00:00+00:00,299
2026-04-23 00:00:00+00:00,300
2026-04-28 00:00:00+00:00,301
2026-05-03 00:00:00+00:00,302
2026-05-17 00:00:00+00:00,303
