url_path,views_total,views_unique
/Intelligent-Driving-Laboratory/GOPS,133,83
/Intelligent-Driving-Laboratory/GOPS/tree/dev/gops,16,10
/Intelligent-Driving-Laboratory/GOPS/tree/dev,15,5
/Intelligent-Driving-Laboratory/GOPS/tree/dev/example_train,11,7
/Intelligent-Driving-Laboratory/GOPS/tree/dev/gops/algorithm,11,7
/Intelligent-Driving-Laboratory/GOPS/issues,7,4
/Intelligent-Driving-Laboratory/GOPS/blob/dev/gops/trainer/buffer/prioritized_replay_buffer.py,7,2
/Intelligent-Driving-Laboratory/GOPS/tree/dev/example_run,5,5
/Intelligent-Driving-Laboratory/GOPS/blob/dev/gops/algorithm/dsac.py,5,4
/Intelligent-Driving-Laboratory/GOPS/blob/dev/gops/env/env_ocp/pyth_veh3dofconti.py,5,2
